question,answer,contexts,ground_truth,latency_retrieval,latency_generation,latency_total
What is the dominant sequence transduction model based on?,"According to the provided context, the dominant sequence transduction models are based on complex recurrent or convolutional neural networks that include an encoder and a decoder. 

As stated in Source 1: ""The dominant sequence transduction models are based on complex recurrent or convolutional neural networks that include an encoder and a decoder."" 

This information is also reiterated in Source 2, in the Introduction section: ""Recurrent neural networks, long short-term memory [13] and gated recurrent [7] neural networks in particular, have been firmly established as state of the art approaches in sequence modeling and transduction problems such as language modeling and machine translation [35, 2, 5].""

Additionally, Source 2 provides more background information on the dominant sequence transduction models, stating that they ""typically factor computation along the symbol positions of the input and output sequences"" and that ""recent work has achieved significant improvements in computational efficiency through factorization tricks [21] and conditional computation [32]"" (Source 2, Introduction).

However, it is worth noting that the context also introduces the Transformer model, which is proposed as a new simple network architecture based solely on attention mechanisms, dispensing with recurrence and convolutions entirely (Source 1 and Source 2, Introduction). 

In summary, the dominant sequence transduction models are based on complex recurrent or convolutional neural networks, but the context also presents an alternative approach with the Transformer model. 

Relevant sources:
- Source 1
- Source 2, Introduction and Background sections.","['', '', '']",nan,2.5964488983154297,1.2004451751708984,3.8655283451080322
Describe the Transformer architecture.,"The Transformer architecture is a neural sequence transduction model that follows an encoder-decoder structure, as mentioned in Source 1: ""Most competitive neural sequence transduction models have an encoder-decoder structure [5, 2, 35]"" (Source 1, Page 3). This architecture is composed of stacked self-attention and point-wise, fully connected layers for both the encoder and decoder, as illustrated in Figure 1 of Source 1.

According to Source 2, the Transformer model eschews recurrence and relies entirely on an attention mechanism to draw global dependencies between input and output. This allows for significantly more parallelization, enabling the model to reach a new state of the art in translation quality after being trained for a relatively short period (Source 2, Background).

The Transformer's architecture is based on self-attention, which is an attention mechanism that relates different positions of a single sequence to compute a representation of the sequence (Source 3, Section 3). Self-attention has been used successfully in various tasks, including reading comprehension, abstractive summarization, and textual entailment (Source 3, Section 3).

The key characteristics of the Transformer architecture can be summarized as follows:
* Encoder-decoder structure (Source 1, Page 3)
* Stacked self-attention and point-wise, fully connected layers for both the encoder and decoder (Source 1, Figure 1)
* Relies entirely on an attention mechanism, without using recurrence or sequence-aligned RNNs or convolution (Source 2, Background, and Source 3, Section 3)
* Allows for significantly more parallelization, enabling faster training and improved performance (Source 2, Background)

Overall, the Transformer architecture is a novel approach to sequence transduction tasks, leveraging self-attention to compute representations of input and output sequences without relying on traditional recurrence-based models.","['', '', '']",nan,0.956580638885498,1.265024185180664,2.2515506744384766
What is Scaled Dot-Product Attention?,"According to the provided context, Scaled Dot-Product Attention is a particular attention mechanism used in the documents. 

As stated in Source 1, ""We call our particular attention 'Scaled Dot-Product Attention' (Figure 2)"" [Source 1]. This attention mechanism takes in queries, keys, and values as inputs, where the queries and keys have a dimension of dk, and the values have a dimension of dv. 

The Scaled Dot-Product Attention computes the dot products of the query with all keys, divides each by √dk, and applies a softmax function to obtain the weights on the values [Source 1]. This is represented mathematically as:

Attention(Q, K, V) = softmax(QK^T / √dk) * V (1)

This equation is also mentioned in Source 2, which further explains that the scaling factor of 1/√dk is used to counteract the effect of large dot products, which can push the softmax function into regions with extremely small gradients [Source 2].

In addition, Source 2 compares Scaled Dot-Product Attention with additive attention, stating that while the two mechanisms have similar theoretical complexity, dot-product attention is much faster and more space-efficient in practice [Source 2]. However, for larger values of dk, additive attention outperforms dot-product attention without scaling [Source 2].

Source 3 also mentions Scaled Dot-Product Attention, explaining how it is used in self-attention layers in the decoder to prevent leftward information flow [Source 3]. 

Overall, the context provides a clear explanation of Scaled Dot-Product Attention, including its mathematical representation, comparison with other attention mechanisms, and its application in the decoder. 

Key points about Scaled Dot-Product Attention:
* Computes dot products of query with all keys, divides by √dk, and applies softmax function [Source 1]
* Uses a scaling factor of 1/√dk to counteract large dot products [Source 2]
* Faster and more space-efficient than additive attention in practice [Source 2]
* Outperformed by additive attention for larger values of dk without scaling [Source 2]
* Used in self-attention layers in the decoder to prevent leftward information flow [Source 3]","['', '', '']",nan,0.9442605972290039,1.99367094039917,2.972935438156128
Why use self-attention?,"Based on the provided context, self-attention is used for several reasons. The main advantages of self-attention are:

* **Computational complexity**: Self-attention layers have a lower computational complexity per layer compared to recurrent layers, especially when the sequence length `n` is smaller than the representation dimensionality `d` ([Source 3]). This is because self-attention layers connect all positions with a constant number of sequentially executed operations, whereas recurrent layers require `O(n)` sequential operations.
* **Parallelization**: Self-attention layers allow for more parallelization of computation, as measured by the minimum number of sequential operations required ([Source 2]). This makes self-attention layers faster and more efficient than recurrent layers.
* **Performance on tasks**: Self-attention has been used successfully in a variety of tasks, including reading comprehension, abstractive summarization, textual entailment, and learning task-independent sentence representations ([Source 1]).

Additionally, self-attention can be restricted to considering only a neighborhood of size `r` in the input sequence centered around the respective output position, which can improve computational performance for tasks involving very long sequences ([Source 3]).

However, the context does not provide a comprehensive comparison of self-attention with other attention mechanisms or a detailed analysis of its limitations. Therefore, the information provided is not exhaustive, and further research may be necessary to fully understand the advantages and disadvantages of self-attention.

In summary, the context suggests that self-attention is used due to its computational efficiency, parallelization capabilities, and performance on various tasks. However, the information provided is limited, and further analysis may be required to fully understand the benefits and limitations of self-attention. 

Relevant passages from the context:
* ""[Self-attention layers] connect all positions with a constant number of sequentially executed operations, whereas a recurrent layer requires O(n) sequential operations."" ([Source 3])
* ""Self-attention layers are faster than recurrent layers when the sequence length n is smaller than the representation dimensionality d, which is most often the case with sentence representations used by state-of-the-art models in machine translations..."" ([Source 3])
* ""Motivating our use of self-attention we consider three desiderata. One is the total computational complexity per layer. Another is the amount of computation that can be parallelized, as measured by the minimum number of sequential operations required."" ([Source 2])","['', '', '']",nan,0.9790570735931396,1.5648345947265625,2.5724658966064453
What dataset was used for training?,"According to the provided context, the datasets used for training are:

* For English-German: the standard WMT 2014 English-German dataset, consisting of about 4.5 million sentence pairs [Source 1, Section 5.1; Source 2, Section 5.1].
* For English-French: the WMT 2014 English-French dataset, consisting of 36M sentences [Source 1, Section 5.1; Source 2, Section 5.1].

The sentences were encoded using byte-pair encoding [3] for English-German, with a shared source-target vocabulary of about 37000 tokens [Source 1, Section 5.1; Source 2, Section 5.1]. For English-French, the tokens were split into a 32000 word-piece vocabulary [38] [Source 1, Section 5.1; Source 2, Section 5.1].

The context does not mention any other datasets being used for training. The information provided is consistent across the different sources, with Sources 1 and 2 containing identical descriptions of the training datasets and encoding methods. Sources 1 and 3 also contain similar information about the hardware and schedule used for training, but this is not directly relevant to the question about the dataset used for training.","['', '', '']",nan,1.1087684631347656,1.2160706520080566,2.371938705444336
How does the attention mechanism compare to recurrent layers?,"The attention mechanism, specifically self-attention, is compared to recurrent layers in terms of computational complexity and parallelization. According to the provided context, here are the key points:

* **Computational complexity**: Self-attention layers are faster than recurrent layers when the sequence length `n` is smaller than the representation dimensionality `d`, which is often the case in sentence representations used by state-of-the-art models in machine translations ([Source 1, Page 7]). This is because self-attention layers connect all positions with a constant number of sequentially executed operations, whereas recurrent layers require `O(n)` sequential operations.
* **Parallelization**: Self-attention layers allow for more parallelization than recurrent layers. As stated in [Source 2], the amount of computation that can be parallelized is measured by the minimum number of sequential operations required, and self-attention layers have an advantage in this aspect.
* **Restricting self-attention**: To improve computational performance for tasks involving very long sequences, self-attention can be restricted to considering only a neighborhood of size `r` in the input sequence centered around the respective output position. This would increase the maximum path length to `O(n/r)` ([Source 1, Page 7]).
* **Transformer model**: The Transformer model, which relies entirely on an attention mechanism, allows for significantly more parallelization and can reach a new state of the art in translation quality after being trained for a relatively short time ([Source 3]).

In summary, the attention mechanism, specifically self-attention, has advantages over recurrent layers in terms of computational complexity and parallelization, making it a suitable choice for sequence modeling and transduction tasks.

Relevant sources:
* [Source 1, Page 7] discusses the computational complexity of self-attention layers compared to recurrent layers.
* [Source 2] compares various aspects of self-attention layers to recurrent and convolutional layers.
* [Source 3] introduces the Transformer model, which relies entirely on an attention mechanism and allows for significant parallelization.

Note that the context does not provide a comprehensive comparison of attention mechanisms and recurrent layers in all aspects, but it highlights the advantages of self-attention layers in terms of computational complexity and parallelization.","['', '', '']",nan,0.8492295742034912,1.5369832515716553,2.406388521194458
What is the role of the encoder and decoder stacks?,"The role of the encoder and decoder stacks is a crucial component of the Transformer model architecture. Based on the provided context, the following information can be gathered:

**Encoder Stack:**
The encoder stack is composed of a stack of N = 6 identical layers, each with two sub-layers: a multi-head self-attention mechanism and a simple, position-wise fully connected feed-forward network (Source 1, Section 3.1). The encoder maps an input sequence of symbol representations to a sequence of continuous representations (Source 3, Section 3). The output of each sub-layer is processed using residual connections and layer normalization (Source 1, Section 3.1).

**Decoder Stack:**
The decoder stack is also composed of a stack of N = 6 identical layers, with an additional third sub-layer that performs multi-head attention over the output of the encoder stack (Source 2, Section Decoder). The decoder generates an output sequence of symbols one element at a time, consuming the previously generated symbols as additional input when generating the next (Source 3, Section 3). The decoder also uses residual connections and layer normalization, and modifies the self-attention sub-layer to prevent positions from attending to subsequent positions (Source 2, Section Decoder).

**Role of Encoder and Decoder Stacks:**
The overall role of the encoder and decoder stacks is to enable the Transformer model to perform sequence-to-sequence tasks, such as machine translation or text summarization. The encoder stack processes the input sequence and generates a continuous representation, which is then used by the decoder stack to generate the output sequence (Source 3, Section 3). The use of self-attention mechanisms and fully connected layers in both the encoder and decoder stacks allows the model to capture complex relationships between input and output sequences.

In summary, the encoder and decoder stacks are the core components of the Transformer model, responsible for processing input sequences and generating output sequences. The context provides a detailed description of the architecture and functionality of these stacks, citing specific sources (Source 1, Source 2, and Source 3). However, if more information is needed about the specific applications or performance of the Transformer model, additional context or sources may be required.","['', '', '']",nan,1.0663278102874756,2.856370687484741,3.9584858417510986
Explain the Positional Encoding used in the model.,"The Positional Encoding used in the model is a crucial component that allows the model to make use of the order of the sequence, as the model contains no recurrence and no convolution. 

According to Source 1, the positional encodings have the same dimension `dmodel` as the embeddings, so that the two can be summed. The specific choice of positional encoding used in this work is based on sine and cosine functions of different frequencies, as stated in both Source 1 and Source 2:

`PE(pos,2i) = sin(pos/10000^2i/dmodel)`
`PE(pos,2i+1) = cos(pos/10000^2i/dmodel)`

As explained in Source 2, each dimension of the positional encoding corresponds to a sinusoid, and the wavelengths form a geometric progression from 2π to 10000 · 2π. This choice of function was made because it was hypothesized to allow the model to easily learn to attend by relative positions.

It is also mentioned in both Source 1 and Source 2 that the authors experimented with using learned positional embeddings instead, but found that the two versions produced nearly identical results (see Table 3 row (E) in Source 2 and Source 3). The sinusoidal version was chosen because it may allow the model to extrapolate to sequence lengths longer than the ones encountered during training.

Key points about the Positional Encoding used in the model can be summarized as follows:
* The positional encoding is based on sine and cosine functions of different frequencies.
* Each dimension of the positional encoding corresponds to a sinusoid.
* The wavelengths form a geometric progression from 2π to 10000 · 2π.
* The sinusoidal version was chosen over learned positional embeddings because it may allow the model to extrapolate to longer sequence lengths.
* The results using the sinusoidal version and learned positional embeddings were nearly identical.

Overall, the context provides a clear explanation of the Positional Encoding used in the model, including the specific mathematical functions used and the reasoning behind this choice.","['', '', '']",nan,0.7699108123779297,1.3017444610595703,2.0807716846466064
What optimizer was used for training the Transformer?,"Based on the provided context, there is no explicit mention of the optimizer used for training the Transformer model. 

The context provides information on:
* The training time and hardware used (3.5 days on 8 P100 GPUs) [Source 1, Source 2]
* The dropout rate (Pdrop = 0.1) used for the base model and the big model [Source 1, Source 3]
* The use of label smoothing during training (ϵls = 0.1) [Source 3]
* The BLEU scores achieved by the model on various translation tasks [Source 1, Source 2, Source 3]

However, the context does not contain any information about the optimizer used for training the Transformer model. Therefore, it is not possible to provide a definitive answer to this question based on the provided context.

To determine the optimizer used, additional information or sources would be required.","['', '', '']",nan,0.587421178817749,0.7569260597229004,1.353391170501709
What are the advantages of the Transformer model over RNNs?,"The Transformer model has several advantages over Recurrent Neural Networks (RNNs) as described in the provided context. The main advantages are:

* **Parallelization**: The Transformer model allows for significantly more parallelization than RNNs, which is critical for longer sequence lengths where memory constraints limit batching across examples (Source 1, Section 3, and Source 3, Page 2, Introduction).
* **Reduced sequential computation**: The Transformer model relies entirely on an attention mechanism to draw global dependencies between input and output, reducing the need for sequential computation (Source 3, Page 2, Introduction).
* **Improved computational efficiency**: The Transformer model can be trained more efficiently than RNNs, with training times reduced to as little as twelve hours on eight P100 GPUs (Source 3, Page 2, Introduction).
* **Better handling of long-range dependencies**: The Transformer model can handle long-range dependencies more effectively than RNNs, which struggle with dependencies between distant positions (Source 3, Page 2, Background).
* **State-of-the-art results**: The Transformer model has achieved state-of-the-art results in machine translation tasks, outperforming RNN-based models (Source 3, Abstract).

The context also highlights the limitations of RNNs, including:

* **Inherently sequential nature**: RNNs are inherently sequential, which precludes parallelization within training examples (Source 3, Page 2, Introduction).
* **Difficulty in learning dependencies between distant positions**: RNNs struggle to learn dependencies between distant positions, which can be mitigated by the Transformer model's attention mechanism (Source 3, Page 2, Background).

Overall, the Transformer model offers significant advantages over RNNs in terms of parallelization, computational efficiency, and handling of long-range dependencies, making it a more effective and efficient model for sequence transduction tasks.

References:
* Source 1, Section 3
* Source 3, Page 2, Introduction
* Source 3, Page 2, Background
* Source 3, Abstract","['', '', '']",nan,0.608156681060791,1.6081087589263916,2.231654405593872
What is multi-head attention?,"Multi-head attention is a mechanism used in the Transformer model to allow the model to jointly attend to information from different representation subspaces at different positions. 

According to Source 1, ""Multi-head attention allows the model to jointly attend to information from different representation subspaces at different positions. With a single attention head, averaging inhibits this."" This suggests that multi-head attention is beneficial for capturing multiple types of relationships between different parts of the input data.

Source 2 provides more details on how multi-head attention works: ""Instead of performing a single attention function with dmodel-dimensional keys, values and queries, we found it beneficial to linearly project the queries, keys and values h times with different, learned linear projections to dk, dk and dv dimensions, respectively."" This indicates that multi-head attention involves projecting the input data into multiple lower-dimensional spaces, performing attention in each space, and then combining the results.

The mathematical formulation of multi-head attention is provided in Source 1 as:
MultiHead(Q, K, V ) = Concat(head1, ..., headh)W O
where headi = Attention(QW Q
i , KW K
i , V W V
i )

Source 1 also mentions that the model employs h = 8 parallel attention layers, or heads, with dk = dv = dmodel/h = 64. This suggests that the model uses a specific configuration of multi-head attention, but the context does not provide information on why this specific configuration was chosen.

In terms of applications, Source 3 mentions that the Transformer uses multi-head attention in three different ways, including:
* Encoder-decoder attention, where the queries come from the previous decoder layer and the memory keys and values come from the output of the encoder.
* Self-attention layers in the encoder, where all of the keys, values, and queries come from the same place.

Overall, the context provides a clear definition and explanation of multi-head attention, as well as its applications in the Transformer model. However, some details, such as the motivation behind the specific configuration used in the model, are not provided in the context. 

Key points about multi-head attention:
* Allows the model to jointly attend to information from different representation subspaces at different positions
* Involves projecting the input data into multiple lower-dimensional spaces, performing attention in each space, and then combining the results
* Uses multiple parallel attention layers, or heads
* Employed in the Transformer model in three different ways: encoder-decoder attention, self-attention layers in the encoder, and other applications not specified in the context.","['', '', '']",nan,0.5972630977630615,1.6939876079559326,2.350493907928467
Did the model use convolutional layers?,Error: Groq API rate limit exceeded. Please try again later.,"['', '', '']",nan,1.202326774597168,0.15105319023132324,1.3687348365783691
What hardware was used for training?,"According to the provided context, the hardware used for training the models is specified in two sources: Source 1 and Source 3 is not relevant for this question, but Source 2 and Source 1 have the same information.

As stated in Source 1 (Section 5.2) and Source 2 (Section 5.2): 
""We trained our models on one machine with 8 NVIDIA P100 GPUs.""

This information is consistent across both sources, indicating that the training process utilized a single machine equipped with 8 NVIDIA P100 GPUs. 

No additional information is provided about the specific configuration or any other hardware components used in the training process. Therefore, based on the available context, the hardware used for training consists of one machine with 8 NVIDIA P100 GPUs.","['', '', '']",nan,0.84452223777771,0.8800935745239258,1.7521042823791504
How is the output probability distribution generated?,Error: Groq API rate limit exceeded. Please try again later.,"['', '', '']",nan,0.27771711349487305,0.1670548915863037,0.44881176948547363
What is label smoothing?,Error: Groq API rate limit exceeded. Please try again later.,"['', '', '']",nan,0.8910512924194336,0.18936967849731445,1.09942626953125
Test Question 16,Error: Groq API rate limit exceeded. Please try again later.,"['', '', '']",nan,0.4006216526031494,0.15318822860717773,0.5563874244689941
Test Question 17,Error: Groq API rate limit exceeded. Please try again later.,"['', '', '']",nan,0.39085912704467773,0.14152026176452637,0.5352878570556641
Test Question 18,Error: Groq API rate limit exceeded. Please try again later.,"['', '', '']",nan,0.3474612236022949,0.16661453247070312,0.5172019004821777
Test Question 19,Error: Groq API rate limit exceeded. Please try again later.,"['', '', '']",nan,0.35364747047424316,0.2836952209472656,0.6435415744781494
Test Question 20,Error: Groq API rate limit exceeded. Please try again later.,"['', '', '']",nan,0.42087507247924805,0.14797496795654297,0.5764014720916748
Test Question 21,Error: Groq API rate limit exceeded. Please try again later.,"['', '', '']",nan,0.486879825592041,0.13019084930419922,0.6198515892028809
Test Question 22,Error: Groq API rate limit exceeded. Please try again later.,"['', '', '']",nan,0.4957911968231201,0.18240642547607422,0.6861615180969238
Test Question 23,"Based on the provided context, it appears that the documents are related to natural language processing and machine learning, specifically focusing on the Transformer model. Here's a comprehensive answer to the test question:

**Transformer Model Performance**

The Transformer model has been evaluated on various tasks, including English constituency parsing and machine translation. According to Source 1, the Transformer model achieves a high F1 score of 92.7 on the WSJ 23 dataset, outperforming other models in the semi-supervised setting (Source 1, Table 4). Additionally, the Transformer model achieves better BLEU scores than previous state-of-the-art models on the English-to-German and English-to-French newstest2014 tests, with a fraction of the training cost (Source 2, Table 2).

**Regularization Techniques**

Source 2 mentions that the Transformer model employs three types of regularization during training, although the specific details are not provided in the given context (Source 2, Section 5.4).

**Hyperparameter Tuning**

Source 3 presents the results of hyperparameter tuning for the Transformer model, varying the number of attention heads, attention key and value dimensions, and other parameters (Source 3, Table 3). The results show that the quality of the model drops off with too many attention heads, and that single-head attention is 0.9 BLEU worse than the best setting (Source 3, rows A).

**Limitations**

The provided context does not contain enough information to fully answer the test question. Specifically, the question is not clearly defined, and the context does not provide a clear problem statement or research question. Additionally, some sections of the context appear to be missing or truncated, which limits the ability to provide a comprehensive answer.

In conclusion, based on the provided context, the Transformer model has achieved state-of-the-art results on various natural language processing tasks, and hyperparameter tuning has been performed to optimize its performance. However, the context is incomplete, and further information is needed to fully answer the test question.","['', '', '']",nan,0.5628440380096436,2.890815019607544,3.4862945079803467
Test Question 24,Error: Groq API rate limit exceeded. Please try again later.,"['', '', '']",nan,0.5161676406860352,0.18295574188232422,0.7022354602813721
Test Question 25,Error: Groq API rate limit exceeded. Please try again later.,"['', '', '']",nan,0.40163469314575195,0.1623392105102539,0.5697426795959473
Test Question 26,Error: Groq API rate limit exceeded. Please try again later.,"['', '', '']",nan,0.5404064655303955,0.14771342277526855,0.6908020973205566
Test Question 27,Error: Groq API rate limit exceeded. Please try again later.,"['', '', '']",nan,0.5074353218078613,0.1742572784423828,0.701190710067749
Test Question 28,Error: Groq API rate limit exceeded. Please try again later.,"['', '', '']",nan,0.49146413803100586,0.16117477416992188,0.6550209522247314
Test Question 29,Error: Groq API rate limit exceeded. Please try again later.,"['', '', '']",nan,0.46106767654418945,0.18010568618774414,0.6443648338317871
Test Question 30,Error: Groq API rate limit exceeded. Please try again later.,"['', '', '']",nan,0.5512125492095947,0.18093562126159668,0.7591416835784912
Test Question 31,"Based on the provided context, I will attempt to provide a comprehensive answer to Test Question 31. However, I must note that the context does not explicitly state what Test Question 31 is. Therefore, I will provide an overview of the context and highlight the key points that can be gathered from the provided sources.

The context appears to be related to the Transformer model, a type of neural network architecture used for natural language processing tasks. The sources provided discuss the architecture, advantages, and performance of the Transformer model.

From Source 1, we can gather that:
* Self-attention is a key component of the Transformer model, which allows it to compute representations of its input and output without using sequence-aligned RNNs or convolution (Source 1).
* The Transformer model has been shown to perform well on tasks such as reading comprehension, abstractive summarization, and language modeling (Source 1).
* The model architecture is described in Section 3, but the details are not provided in the given context (Source 1).

Source 2 discusses the performance of the Transformer model on English-to-German and English-to-French translation tasks. The key points from this source are:
* The Transformer model achieves better BLEU scores than previous state-of-the-art models on the newstest2014 tests (Source 2, Table 2).
* The model requires a fraction of the training cost compared to other models, such as ByteNet, Deep-Att + PosUnk, and ConvS2S (Source 2, Table 2).

Source 3 provides additional information about the Transformer model, including:
* The model's performance on the development set, newstest2013, using beam search and no checkpoint averaging (Source 3).
* The results of varying the number of attention heads and attention key and value dimensions, while keeping the amount of computation constant (Source 3, Table 3).

In summary, the context provides information about the Transformer model's architecture, advantages, and performance on various natural language processing tasks. However, without knowing the specific question being asked, it is difficult to provide a more targeted answer.

If the question is related to the Transformer model's performance, architecture, or advantages, I can provide more specific information based on the context. However, if the question requires information not present in the context, I must state that the information is incomplete or missing. 

Please provide the actual question, and I will do my best to provide a comprehensive answer based on the context.","['', '', '']",nan,0.5195143222808838,2.8144052028656006,3.372636556625366
Test Question 32,Error: Groq API rate limit exceeded. Please try again later.,"['', '', '']",nan,0.693244457244873,0.1936020851135254,0.9110107421875
Test Question 33,Error: Groq API rate limit exceeded. Please try again later.,"['', '', '']",nan,0.5159459114074707,0.1529226303100586,0.6724650859832764
Test Question 34,Error: Groq API rate limit exceeded. Please try again later.,"['', '', '']",nan,0.33966755867004395,0.16825366020202637,0.5119829177856445
Test Question 35,Error: Groq API rate limit exceeded. Please try again later.,"['', '', '']",nan,0.3417525291442871,0.16337370872497559,0.5090005397796631
Test Question 36,Error: Groq API rate limit exceeded. Please try again later.,"['', '', '']",nan,0.36752963066101074,0.35164380073547363,0.7556579113006592
Test Question 37,Error: Groq API rate limit exceeded. Please try again later.,"['', '', '']",nan,0.5286557674407959,0.1729440689086914,0.705467939376831
Test Question 38,Error: Groq API rate limit exceeded. Please try again later.,"['', '', '']",nan,0.3492250442504883,0.14598488807678223,0.4972109794616699
Test Question 39,Error: Groq API rate limit exceeded. Please try again later.,"['', '', '']",nan,0.3921358585357666,0.2396693229675293,0.6499583721160889
Test Question 40,"Based on the provided context, I will attempt to provide a comprehensive answer to Test Question 40. However, I must note that the context does not explicitly state what Test Question 40 is. Therefore, I will provide an overview of the context and highlight the key points that can be inferred from the provided information.

The context appears to be related to the Transformer model, a type of neural network architecture used for sequence-to-sequence tasks, such as machine translation. The context is divided into three sources, each providing different information about the Transformer model.

**Source 1** discusses the regularization techniques used in the Transformer model and provides a table (Table 2) comparing the performance of the Transformer model with other state-of-the-art models on the English-to-German and English-to-French newstest2014 tests. The table shows that the Transformer model achieves better BLEU scores than other models at a fraction of the training cost (Source 1, Page 8).

**Source 2** provides more detailed information about the Transformer model, including its architecture and hyperparameters. The source presents several tables and sections (A-E) that discuss the effects of varying different hyperparameters, such as the number of attention heads and the attention key and value dimensions, on the model's performance (Source 2, Section 6).

**Source 3** provides a general overview of the Transformer model and its use of self-attention mechanisms. The source explains that the Transformer model is the first transduction model to rely entirely on self-attention to compute representations of its input and output without using sequence-aligned RNNs or convolution (Source 3, Section 3).

In summary, the context provides information about the Transformer model, its architecture, and its performance on machine translation tasks. However, without knowing what Test Question 40 is, it is difficult to provide a more specific answer. If more information about the question is provided, I can attempt to provide a more detailed and relevant response.

Key points that can be inferred from the context include:

* The Transformer model uses self-attention mechanisms to compute representations of its input and output (Source 3, Section 3).
* The Transformer model achieves better BLEU scores than other state-of-the-art models on machine translation tasks (Source 1, Table 2).
* The performance of the Transformer model can be affected by varying different hyperparameters, such as the number of attention heads and the attention key and value dimensions (Source 2, Sections A-E).

If more information about Test Question 40 is provided, I can attempt to provide a more specific and relevant response.","['', '', '']",nan,0.43486905097961426,1.6113433837890625,2.066190004348755
Test Question 41,Error: Groq API rate limit exceeded. Please try again later.,"['', '', '']",nan,0.4508049488067627,0.20578217506408691,0.7034471035003662
Test Question 42,Error: Groq API rate limit exceeded. Please try again later.,"['', '', '']",nan,0.6686131954193115,0.19392633438110352,0.8796048164367676
Test Question 43,Error: Groq API rate limit exceeded. Please try again later.,"['', '', '']",nan,0.557783842086792,0.17885708808898926,0.7410409450531006
Test Question 44,Error: Groq API rate limit exceeded. Please try again later.,"['', '', '']",nan,0.4509761333465576,0.1661972999572754,0.6283524036407471
Test Question 45,Error: Groq API rate limit exceeded. Please try again later.,"['', '', '']",nan,0.3639967441558838,0.16112780570983887,0.528285026550293
Test Question 46,Error: Groq API rate limit exceeded. Please try again later.,"['', '', '']",nan,0.39870309829711914,0.29443812370300293,0.7002120018005371
Test Question 47,Error: Groq API rate limit exceeded. Please try again later.,"['', '', '']",nan,0.3682897090911865,0.15265345573425293,0.5243256092071533
Test Question 48,Error: Groq API rate limit exceeded. Please try again later.,"['', '', '']",nan,0.5602407455444336,0.17390227317810059,0.7543883323669434
Test Question 49,"Based on the provided context, I will attempt to provide a comprehensive answer to Test Question 49. However, I must note that the context does not explicitly state what Test Question 49 is. Therefore, I will provide an overview of the context and highlight the key points that can be gathered from the provided sources.

The context appears to be related to machine learning and natural language processing, specifically focusing on the Transformer model and its applications. 

From **Source 1**, we can see that the Transformer model achieves better BLEU scores than previous state-of-the-art models on the English-to-German and English-to-French newstest2014 tests at a fraction of the training cost (Table 2). The source also mentions that the model employs three types of regularization during training, but it does not provide further details on this topic.

**Source 2** provides information on self-attention mechanisms and their applications in various tasks, including reading comprehension, abstractive summarization, and textual entailment. It also mentions that the Transformer is the first transduction model to rely entirely on self-attention to compute representations of its input and output without using sequence-aligned RNNs or convolution.

**Source 3** appears to provide experimental results, including tables with various hyperparameters and their corresponding BLEU scores. For example, it shows the results of varying the number of attention heads and the attention key and value dimensions, keeping the amount of computation constant (Table 3, rows A).

Since the context does not provide a clear question to answer, I will summarize the key points that can be gathered from the provided sources:

* The Transformer model achieves better BLEU scores than previous state-of-the-art models on certain tasks (**Source 1**, Table 2).
* Self-attention mechanisms have been successfully used in various tasks, including reading comprehension and abstractive summarization (**Source 2**).
* The Transformer model relies entirely on self-attention to compute representations of its input and output (**Source 2**).
* Experimental results show the effects of varying hyperparameters, such as the number of attention heads and the attention key and value dimensions, on the model's performance (**Source 3**, Table 3).

If you could provide the actual question or more context, I would be happy to try and provide a more specific and detailed answer.","['', '', '']",nan,0.43441271781921387,3.253823757171631,3.707548141479492
Test Question 50,Error: Groq API rate limit exceeded. Please try again later.,"['', '', '']",nan,0.4066920280456543,0.16527175903320312,0.5745952129364014
