question,answer,contexts,ground_truth,latency_retrieval,latency_generation,latency_total,user_input,retrieved_contexts,response,reference,faithfulness,answer_relevancy,context_recall
What is the dominant sequence transduction model based on?,"According to the provided context, the dominant sequence transduction models are based on complex recurrent or convolutional neural networks that include an encoder and a decoder. 

As stated in Source 1: ""The dominant sequence transduction models are based on complex recurrent or convolutional neural networks that include an encoder and a decoder."" 

This is further supported by Source 2, which also mentions: ""The dominant sequence transduction models are based on complex recurrent or convolutional neural networks that include an encoder and a decoder."" (Source 2, Introduction)

Additionally, Source 2 provides more information on the background of sequence transduction models, stating that recurrent neural networks, such as long short-term memory and gated recurrent neural networks, have been established as state-of-the-art approaches in sequence modeling and transduction problems (Source 2, Introduction).

It is also worth noting that the best-performing models often connect the encoder and decoder through an attention mechanism, as mentioned in both Source 1 and Source 2. However, the proposed Transformer model in the context dispenses with recurrence and convolutions entirely, relying solely on attention mechanisms. 

In summary, the dominant sequence transduction models are based on complex recurrent or convolutional neural networks with an encoder, a decoder, and often an attention mechanism. The context provides a clear explanation of the existing models and proposes a new architecture, the Transformer, which relies entirely on attention mechanisms. 

Key points:
* Dominant sequence transduction models are based on complex recurrent or convolutional neural networks.
* These models include an encoder and a decoder.
* The best-performing models often connect the encoder and decoder through an attention mechanism.
* The proposed Transformer model relies solely on attention mechanisms, dispensing with recurrence and convolutions. 

Sources:
* Source 1
* Source 2 (Introduction)","['', '', '']",nan,1.6367855072021484,1.509990930557251,3.2166037559509277,What is the dominant sequence transduction model based on?,"['', '', '']","According to the provided context, the dominant sequence transduction models are based on complex recurrent or convolutional neural networks that include an encoder and a decoder. 

As stated in Source 1: ""The dominant sequence transduction models are based on complex recurrent or convolutional neural networks that include an encoder and a decoder."" 

This is further supported by Source 2, which also mentions: ""The dominant sequence transduction models are based on complex recurrent or convolutional neural networks that include an encoder and a decoder."" (Source 2, Introduction)

Additionally, Source 2 provides more information on the background of sequence transduction models, stating that recurrent neural networks, such as long short-term memory and gated recurrent neural networks, have been established as state-of-the-art approaches in sequence modeling and transduction problems (Source 2, Introduction).

It is also worth noting that the best-performing models often connect the encoder and decoder through an attention mechanism, as mentioned in both Source 1 and Source 2. However, the proposed Transformer model in the context dispenses with recurrence and convolutions entirely, relying solely on attention mechanisms. 

In summary, the dominant sequence transduction models are based on complex recurrent or convolutional neural networks with an encoder, a decoder, and often an attention mechanism. The context provides a clear explanation of the existing models and proposes a new architecture, the Transformer, which relies entirely on attention mechanisms. 

Key points:
* Dominant sequence transduction models are based on complex recurrent or convolutional neural networks.
* These models include an encoder and a decoder.
* The best-performing models often connect the encoder and decoder through an attention mechanism.
* The proposed Transformer model relies solely on attention mechanisms, dispensing with recurrence and convolutions. 

Sources:
* Source 1
* Source 2 (Introduction)",nan,,,
Describe the Transformer architecture.,"The Transformer architecture is a neural sequence transduction model that follows an encoder-decoder structure, as described in Source 1. This structure consists of an encoder that maps an input sequence of symbol representations to a sequence of continuous representations, and a decoder that generates an output sequence of symbols one element at a time, consuming the previously generated symbols as additional input [Source 1].

The Transformer model architecture is unique in that it relies entirely on self-attention mechanisms to draw global dependencies between input and output sequences, eschewing recurrence and convolutional neural networks (CNNs) [Source 2]. This allows for significantly more parallelization and can reach a new state of the art in translation quality after being trained for a relatively short period [Source 2].

As shown in Figure 1 of Source 1, the Transformer model architecture consists of stacked self-attention and point-wise, fully connected layers for both the encoder and decoder. The encoder and decoder stacks are described in Section 3.1 of Source 1, but the details of these stacks are not provided in the given context.

Self-attention, a key component of the Transformer architecture, is an attention mechanism that relates different positions of a single sequence to compute a representation of the sequence [Source 3]. This mechanism has been used successfully in various tasks, including reading comprehension, abstractive summarization, and textual entailment [Source 3].

The advantages of the Transformer architecture over other models, such as those using sequence-aligned RNNs or convolution, are not fully explained in the given context. However, it is mentioned that the Transformer is the first transduction model to rely entirely on self-attention to compute representations of its input and output without using sequence-aligned RNNs or convolution [Source 3].

In summary, the Transformer architecture is a neural sequence transduction model that uses an encoder-decoder structure, relies entirely on self-attention mechanisms, and consists of stacked self-attention and point-wise, fully connected layers for both the encoder and decoder. While the context provides some information about the Transformer architecture, some details, such as the advantages over other models and the specifics of the encoder and decoder stacks, are not fully explained.

Key points about the Transformer architecture:
* Encoder-decoder structure [Source 1]
* Relies entirely on self-attention mechanisms [Source 2]
* Consists of stacked self-attention and point-wise, fully connected layers for both the encoder and decoder [Source 1]
* Allows for significantly more parallelization [Source 2]
* Can reach a new state of the art in translation quality after being trained for a relatively short period [Source 2]
* Uses self-attention to compute representations of its input and output without using sequence-aligned RNNs or convolution [Source 3]","['', '', '']",nan,1.110119104385376,1.6613163948059082,2.7961266040802,Describe the Transformer architecture.,"['', '', '']","The Transformer architecture is a neural sequence transduction model that follows an encoder-decoder structure, as described in Source 1. This structure consists of an encoder that maps an input sequence of symbol representations to a sequence of continuous representations, and a decoder that generates an output sequence of symbols one element at a time, consuming the previously generated symbols as additional input [Source 1].

The Transformer model architecture is unique in that it relies entirely on self-attention mechanisms to draw global dependencies between input and output sequences, eschewing recurrence and convolutional neural networks (CNNs) [Source 2]. This allows for significantly more parallelization and can reach a new state of the art in translation quality after being trained for a relatively short period [Source 2].

As shown in Figure 1 of Source 1, the Transformer model architecture consists of stacked self-attention and point-wise, fully connected layers for both the encoder and decoder. The encoder and decoder stacks are described in Section 3.1 of Source 1, but the details of these stacks are not provided in the given context.

Self-attention, a key component of the Transformer architecture, is an attention mechanism that relates different positions of a single sequence to compute a representation of the sequence [Source 3]. This mechanism has been used successfully in various tasks, including reading comprehension, abstractive summarization, and textual entailment [Source 3].

The advantages of the Transformer architecture over other models, such as those using sequence-aligned RNNs or convolution, are not fully explained in the given context. However, it is mentioned that the Transformer is the first transduction model to rely entirely on self-attention to compute representations of its input and output without using sequence-aligned RNNs or convolution [Source 3].

In summary, the Transformer architecture is a neural sequence transduction model that uses an encoder-decoder structure, relies entirely on self-attention mechanisms, and consists of stacked self-attention and point-wise, fully connected layers for both the encoder and decoder. While the context provides some information about the Transformer architecture, some details, such as the advantages over other models and the specifics of the encoder and decoder stacks, are not fully explained.

Key points about the Transformer architecture:
* Encoder-decoder structure [Source 1]
* Relies entirely on self-attention mechanisms [Source 2]
* Consists of stacked self-attention and point-wise, fully connected layers for both the encoder and decoder [Source 1]
* Allows for significantly more parallelization [Source 2]
* Can reach a new state of the art in translation quality after being trained for a relatively short period [Source 2]
* Uses self-attention to compute representations of its input and output without using sequence-aligned RNNs or convolution [Source 3]",nan,,,
What is Scaled Dot-Product Attention?,"According to the provided context, Scaled Dot-Product Attention is a particular attention mechanism used in the model. 

As explained in Source 1, ""We call our particular attention 'Scaled Dot-Product Attention' (Figure 2). The input consists of queries and keys of dimension dk, and values of dimension dv. We compute the dot products of the query with all keys, divide each by √dk, and apply a softmax function to obtain the weights on the values."" (Source 1, Section 3.2.1)

The computation of the attention function is further detailed in the same source: ""We compute the attention function on a set of queries simultaneously, packed together into a matrix Q. The keys and values are also packed together into matrices K and V. We compute the matrix of outputs as: Attention(Q, K, V) = softmax(QK^T / √dk)V"" (Source 1, Equation 1, also referenced in Source 2).

Source 2 provides additional context on the Scaled Dot-Product Attention, comparing it to other attention mechanisms, such as additive attention. It highlights the benefits of dot-product attention, including its speed and space efficiency, but also notes that for large values of dk, the dot products can grow large in magnitude, which can negatively impact the softmax function. To counteract this effect, the dot products are scaled by 1/√dk (Source 2).

In summary, Scaled Dot-Product Attention is an attention mechanism that computes the dot products of queries and keys, scales them by 1/√dk, and applies a softmax function to obtain the weights on the values. This mechanism is used in the model, as shown in Figure 2, and is a key component of the Multi-Head Attention (Source 1, Figure 2, and Source 3).

The context provides a clear explanation of the Scaled Dot-Product Attention mechanism, its computation, and its benefits. However, if more information on the broader model architecture or the applications of this attention mechanism is needed, it would require additional context or sources.","['', '', '']",nan,1.0791425704956055,1.4132671356201172,2.5435376167297363,What is Scaled Dot-Product Attention?,"['', '', '']","According to the provided context, Scaled Dot-Product Attention is a particular attention mechanism used in the model. 

As explained in Source 1, ""We call our particular attention 'Scaled Dot-Product Attention' (Figure 2). The input consists of queries and keys of dimension dk, and values of dimension dv. We compute the dot products of the query with all keys, divide each by √dk, and apply a softmax function to obtain the weights on the values."" (Source 1, Section 3.2.1)

The computation of the attention function is further detailed in the same source: ""We compute the attention function on a set of queries simultaneously, packed together into a matrix Q. The keys and values are also packed together into matrices K and V. We compute the matrix of outputs as: Attention(Q, K, V) = softmax(QK^T / √dk)V"" (Source 1, Equation 1, also referenced in Source 2).

Source 2 provides additional context on the Scaled Dot-Product Attention, comparing it to other attention mechanisms, such as additive attention. It highlights the benefits of dot-product attention, including its speed and space efficiency, but also notes that for large values of dk, the dot products can grow large in magnitude, which can negatively impact the softmax function. To counteract this effect, the dot products are scaled by 1/√dk (Source 2).

In summary, Scaled Dot-Product Attention is an attention mechanism that computes the dot products of queries and keys, scales them by 1/√dk, and applies a softmax function to obtain the weights on the values. This mechanism is used in the model, as shown in Figure 2, and is a key component of the Multi-Head Attention (Source 1, Figure 2, and Source 3).

The context provides a clear explanation of the Scaled Dot-Product Attention mechanism, its computation, and its benefits. However, if more information on the broader model architecture or the applications of this attention mechanism is needed, it would require additional context or sources.",nan,,,
Why use self-attention?,"Based on the provided context, self-attention is used for several reasons. The main advantages of self-attention are:

* **Computational complexity**: Self-attention layers have a lower computational complexity per layer compared to recurrent layers, especially when the sequence length `n` is smaller than the representation dimensionality `d` ([Source 3]). This is because self-attention layers connect all positions with a constant number of sequentially executed operations, whereas recurrent layers require `O(n)` sequential operations.
* **Parallelization**: Self-attention layers allow for more parallelization, as measured by the minimum number of sequential operations required ([Source 2]). This makes self-attention layers faster and more efficient than recurrent layers.
* **Performance on tasks**: Self-attention has been used successfully in a variety of tasks, including reading comprehension, abstractive summarization, textual entailment, and learning task-independent sentence representations ([Source 1]).

Additionally, self-attention can be restricted to considering only a neighborhood of size `r` in the input sequence centered around the respective output position, which can improve computational performance for tasks involving very long sequences ([Source 3]).

It is worth noting that the context does not provide a comprehensive comparison of self-attention with other attention mechanisms or models. However, it does mention that the Transformer is the first transduction model relying entirely on self-attention to compute representations of its input and output without using sequence-aligned RNNs or convolution ([Source 1]).

Overall, the context suggests that self-attention is a useful and efficient mechanism for sequence transduction tasks, and its advantages make it a popular choice in many state-of-the-art models. However, further information may be needed to fully understand the benefits and limitations of self-attention in different contexts.","['', '', '']",nan,0.8505330085754395,1.2377569675445557,2.1225171089172363,Why use self-attention?,"['', '', '']","Based on the provided context, self-attention is used for several reasons. The main advantages of self-attention are:

* **Computational complexity**: Self-attention layers have a lower computational complexity per layer compared to recurrent layers, especially when the sequence length `n` is smaller than the representation dimensionality `d` ([Source 3]). This is because self-attention layers connect all positions with a constant number of sequentially executed operations, whereas recurrent layers require `O(n)` sequential operations.
* **Parallelization**: Self-attention layers allow for more parallelization, as measured by the minimum number of sequential operations required ([Source 2]). This makes self-attention layers faster and more efficient than recurrent layers.
* **Performance on tasks**: Self-attention has been used successfully in a variety of tasks, including reading comprehension, abstractive summarization, textual entailment, and learning task-independent sentence representations ([Source 1]).

Additionally, self-attention can be restricted to considering only a neighborhood of size `r` in the input sequence centered around the respective output position, which can improve computational performance for tasks involving very long sequences ([Source 3]).

It is worth noting that the context does not provide a comprehensive comparison of self-attention with other attention mechanisms or models. However, it does mention that the Transformer is the first transduction model relying entirely on self-attention to compute representations of its input and output without using sequence-aligned RNNs or convolution ([Source 1]).

Overall, the context suggests that self-attention is a useful and efficient mechanism for sequence transduction tasks, and its advantages make it a popular choice in many state-of-the-art models. However, further information may be needed to fully understand the benefits and limitations of self-attention in different contexts.",nan,,,
What dataset was used for training?,"According to the provided context, the datasets used for training are the WMT 2014 English-German and English-French datasets. 

Specifically, as stated in **Source 1 (Section 5.1)** and **Source 2 (Section 5.1)**: 
""We trained on the standard WMT 2014 English-German dataset consisting of about 4.5 million sentence pairs. ... For English-French, we used the significantly larger WMT 2014 English-French dataset consisting of 36M sentences...""

The context also mentions that sentences were encoded using byte-pair encoding, resulting in a shared source-target vocabulary of about 37,000 tokens for English-German and a 32,000 word-piece vocabulary for English-French.

No other datasets are mentioned in the provided context. Therefore, based on the available information, the WMT 2014 English-German and English-French datasets were used for training.","['', '', '']",nan,0.9630241394042969,1.0939621925354004,2.077054500579834,What dataset was used for training?,"['', '', '']","According to the provided context, the datasets used for training are the WMT 2014 English-German and English-French datasets. 

Specifically, as stated in **Source 1 (Section 5.1)** and **Source 2 (Section 5.1)**: 
""We trained on the standard WMT 2014 English-German dataset consisting of about 4.5 million sentence pairs. ... For English-French, we used the significantly larger WMT 2014 English-French dataset consisting of 36M sentences...""

The context also mentions that sentences were encoded using byte-pair encoding, resulting in a shared source-target vocabulary of about 37,000 tokens for English-German and a 32,000 word-piece vocabulary for English-French.

No other datasets are mentioned in the provided context. Therefore, based on the available information, the WMT 2014 English-German and English-French datasets were used for training.",nan,,,
How does the attention mechanism compare to recurrent layers?,"The attention mechanism, specifically self-attention, is compared to recurrent layers in terms of computational complexity and parallelization. According to the context, self-attention layers have several advantages over recurrent layers:

* **Computational complexity**: Self-attention layers are faster than recurrent layers when the sequence length `n` is smaller than the representation dimensionality `d`, which is often the case in sentence representations used by state-of-the-art models in machine translations ([Source 1, Page 7]). This is because self-attention layers connect all positions with a constant number of sequentially executed operations, whereas recurrent layers require `O(n)` sequential operations.
* **Parallelization**: Self-attention layers allow for more parallelization than recurrent layers, as measured by the minimum number of sequential operations required ([Source 2]). This is because self-attention layers can be parallelized more easily, whereas recurrent layers are inherently sequential.
* **Restricting self-attention to a neighborhood**: To improve computational performance for tasks involving very long sequences, self-attention can be restricted to considering only a neighborhood of size `r` in the input sequence centered around the respective output position, increasing the maximum path length to `O(n/r)` ([Source 1, Page 7]).

However, it is worth noting that attention mechanisms are often used in conjunction with recurrent networks ([Source 3]). The Transformer model, proposed in [Source 3], relies entirely on an attention mechanism to draw global dependencies between input and output, allowing for significantly more parallelization and achieving state-of-the-art translation quality.

In terms of limitations, the context does not provide a detailed comparison of the attention mechanism and recurrent layers in terms of their performance on specific tasks or datasets. Additionally, the context does not discuss the potential drawbacks of using self-attention layers, such as increased memory requirements or the need for careful hyperparameter tuning.

Overall, based on the context, self-attention layers appear to have advantages over recurrent layers in terms of computational complexity and parallelization, making them a promising choice for sequence modeling and transduction tasks. However, further research is needed to fully understand the trade-offs between these two approaches.","['', '', '']",nan,0.9253976345062256,1.4327375888824463,2.387751817703247,How does the attention mechanism compare to recurrent layers?,"['', '', '']","The attention mechanism, specifically self-attention, is compared to recurrent layers in terms of computational complexity and parallelization. According to the context, self-attention layers have several advantages over recurrent layers:

* **Computational complexity**: Self-attention layers are faster than recurrent layers when the sequence length `n` is smaller than the representation dimensionality `d`, which is often the case in sentence representations used by state-of-the-art models in machine translations ([Source 1, Page 7]). This is because self-attention layers connect all positions with a constant number of sequentially executed operations, whereas recurrent layers require `O(n)` sequential operations.
* **Parallelization**: Self-attention layers allow for more parallelization than recurrent layers, as measured by the minimum number of sequential operations required ([Source 2]). This is because self-attention layers can be parallelized more easily, whereas recurrent layers are inherently sequential.
* **Restricting self-attention to a neighborhood**: To improve computational performance for tasks involving very long sequences, self-attention can be restricted to considering only a neighborhood of size `r` in the input sequence centered around the respective output position, increasing the maximum path length to `O(n/r)` ([Source 1, Page 7]).

However, it is worth noting that attention mechanisms are often used in conjunction with recurrent networks ([Source 3]). The Transformer model, proposed in [Source 3], relies entirely on an attention mechanism to draw global dependencies between input and output, allowing for significantly more parallelization and achieving state-of-the-art translation quality.

In terms of limitations, the context does not provide a detailed comparison of the attention mechanism and recurrent layers in terms of their performance on specific tasks or datasets. Additionally, the context does not discuss the potential drawbacks of using self-attention layers, such as increased memory requirements or the need for careful hyperparameter tuning.

Overall, based on the context, self-attention layers appear to have advantages over recurrent layers in terms of computational complexity and parallelization, making them a promising choice for sequence modeling and transduction tasks. However, further research is needed to fully understand the trade-offs between these two approaches.",nan,,,
What is the role of the encoder and decoder stacks?,"The role of the encoder and decoder stacks is a crucial component of the Transformer model architecture. According to the provided context, the encoder and decoder stacks are responsible for mapping input sequences to output sequences.

**Encoder Stack:**
The encoder stack is composed of a stack of N = 6 identical layers, each with two sub-layers: a multi-head self-attention mechanism and a simple, position-wise fully connected feed-forward network (Source 1, Section 3.1). The encoder maps an input sequence of symbol representations to a sequence of continuous representations (Source 3, Section 3). The output of each sub-layer is processed using residual connections and layer normalization, which helps to facilitate the flow of information through the network (Source 1, Section 3.1).

**Decoder Stack:**
The decoder stack is also composed of a stack of N = 6 identical layers, with an additional third sub-layer that performs multi-head attention over the output of the encoder stack (Source 2, Section 3.1). The decoder generates an output sequence of symbols one element at a time, consuming the previously generated symbols as additional input when generating the next (Source 3, Section 3). The decoder stack also employs residual connections and layer normalization, similar to the encoder stack (Source 2, Section 3.1).

**Key Functions:**
The encoder and decoder stacks work together to enable the Transformer model to perform sequence-to-sequence tasks. The encoder stack encodes the input sequence into a continuous representation, which is then used by the decoder stack to generate the output sequence. The attention mechanism, which is a key component of both the encoder and decoder stacks, allows the model to focus on specific parts of the input sequence when generating each output symbol (Source 2, Section 3.2).

In summary, the encoder and decoder stacks are the core components of the Transformer model architecture, responsible for mapping input sequences to output sequences. The encoder stack encodes the input sequence into a continuous representation, while the decoder stack generates the output sequence one element at a time, using the encoded representation and previously generated symbols as input.

Relevant sources:
- Source 1, Section 3.1: Encoder stack architecture
- Source 2, Section 3.1: Decoder stack architecture
- Source 3, Section 3: Model architecture and sequence-to-sequence tasks

Note: The provided context does not contain information about the specific applications or performance of the Transformer model. If you need information on these topics, please provide additional context or sources.","['', '', '']",nan,0.9102022647857666,1.6112377643585205,2.5526821613311768,What is the role of the encoder and decoder stacks?,"['', '', '']","The role of the encoder and decoder stacks is a crucial component of the Transformer model architecture. According to the provided context, the encoder and decoder stacks are responsible for mapping input sequences to output sequences.

**Encoder Stack:**
The encoder stack is composed of a stack of N = 6 identical layers, each with two sub-layers: a multi-head self-attention mechanism and a simple, position-wise fully connected feed-forward network (Source 1, Section 3.1). The encoder maps an input sequence of symbol representations to a sequence of continuous representations (Source 3, Section 3). The output of each sub-layer is processed using residual connections and layer normalization, which helps to facilitate the flow of information through the network (Source 1, Section 3.1).

**Decoder Stack:**
The decoder stack is also composed of a stack of N = 6 identical layers, with an additional third sub-layer that performs multi-head attention over the output of the encoder stack (Source 2, Section 3.1). The decoder generates an output sequence of symbols one element at a time, consuming the previously generated symbols as additional input when generating the next (Source 3, Section 3). The decoder stack also employs residual connections and layer normalization, similar to the encoder stack (Source 2, Section 3.1).

**Key Functions:**
The encoder and decoder stacks work together to enable the Transformer model to perform sequence-to-sequence tasks. The encoder stack encodes the input sequence into a continuous representation, which is then used by the decoder stack to generate the output sequence. The attention mechanism, which is a key component of both the encoder and decoder stacks, allows the model to focus on specific parts of the input sequence when generating each output symbol (Source 2, Section 3.2).

In summary, the encoder and decoder stacks are the core components of the Transformer model architecture, responsible for mapping input sequences to output sequences. The encoder stack encodes the input sequence into a continuous representation, while the decoder stack generates the output sequence one element at a time, using the encoded representation and previously generated symbols as input.

Relevant sources:
- Source 1, Section 3.1: Encoder stack architecture
- Source 2, Section 3.1: Decoder stack architecture
- Source 3, Section 3: Model architecture and sequence-to-sequence tasks

Note: The provided context does not contain information about the specific applications or performance of the Transformer model. If you need information on these topics, please provide additional context or sources.",nan,,,
Explain the Positional Encoding used in the model.,"The Positional Encoding used in the model is a crucial component that allows the model to make use of the order of the sequence, as the model contains no recurrence and no convolution. 

According to Source 1, the positional encodings have the same dimension `d_model` as the embeddings, so that the two can be summed. The specific choice of positional encoding used in this work is based on sine and cosine functions of different frequencies, as stated in both Source 1 and Source 2:

`PE(pos,2i) = sin(pos/10000^2i/d_model)`
`PE(pos,2i+1) = cos(pos/10000^2i/d_model)`

As explained in Source 2, each dimension of the positional encoding corresponds to a sinusoid, and the wavelengths form a geometric progression from 2π to 10000 · 2π. This choice of function was made because it was hypothesized to allow the model to easily learn to attend by relative positions.

It is also mentioned in both Source 1 and Source 2 that the authors experimented with using learned positional embeddings instead, but found that the two versions produced nearly identical results (see Table 3 row (E) in Source 3). The sinusoidal version was chosen because it may allow the model to extrapolate to sequence lengths longer than the ones encountered during training.

Key points about the Positional Encoding used in the model can be summarized as follows:
* The positional encodings have the same dimension `d_model` as the embeddings.
* The specific choice of positional encoding is based on sine and cosine functions of different frequencies.
* Each dimension of the positional encoding corresponds to a sinusoid.
* The wavelengths form a geometric progression from 2π to 10000 · 2π.
* The sinusoidal version was chosen over learned positional embeddings because it may allow the model to extrapolate to longer sequence lengths.

Overall, the context provides a clear explanation of the Positional Encoding used in the model, and the reasoning behind the specific choice of encoding.","['', '', '']",nan,0.7586803436279297,1.2845935821533203,2.0767083168029785,Explain the Positional Encoding used in the model.,"['', '', '']","The Positional Encoding used in the model is a crucial component that allows the model to make use of the order of the sequence, as the model contains no recurrence and no convolution. 

According to Source 1, the positional encodings have the same dimension `d_model` as the embeddings, so that the two can be summed. The specific choice of positional encoding used in this work is based on sine and cosine functions of different frequencies, as stated in both Source 1 and Source 2:

`PE(pos,2i) = sin(pos/10000^2i/d_model)`
`PE(pos,2i+1) = cos(pos/10000^2i/d_model)`

As explained in Source 2, each dimension of the positional encoding corresponds to a sinusoid, and the wavelengths form a geometric progression from 2π to 10000 · 2π. This choice of function was made because it was hypothesized to allow the model to easily learn to attend by relative positions.

It is also mentioned in both Source 1 and Source 2 that the authors experimented with using learned positional embeddings instead, but found that the two versions produced nearly identical results (see Table 3 row (E) in Source 3). The sinusoidal version was chosen because it may allow the model to extrapolate to sequence lengths longer than the ones encountered during training.

Key points about the Positional Encoding used in the model can be summarized as follows:
* The positional encodings have the same dimension `d_model` as the embeddings.
* The specific choice of positional encoding is based on sine and cosine functions of different frequencies.
* Each dimension of the positional encoding corresponds to a sinusoid.
* The wavelengths form a geometric progression from 2π to 10000 · 2π.
* The sinusoidal version was chosen over learned positional embeddings because it may allow the model to extrapolate to longer sequence lengths.

Overall, the context provides a clear explanation of the Positional Encoding used in the model, and the reasoning behind the specific choice of encoding.",nan,,,
What optimizer was used for training the Transformer?,"Based on the provided context, there is no explicit mention of the optimizer used for training the Transformer model. 

The context provides information on:
* The training time and hardware used (3.5 days on 8 P100 GPUs) [Source 1, Source 2]
* The dropout rate (Pdrop = 0.1) used for the base model and the big model [Source 1, Source 3]
* The use of label smoothing during training (ϵls = 0.1) [Source 3]
* The BLEU scores achieved by the model on various translation tasks [Source 1, Source 2, Source 3]

However, the context does not contain any information about the optimizer used for training the Transformer model. Therefore, it is not possible to provide a definitive answer to this question based on the available information.

To determine the optimizer used, it would be necessary to consult additional sources or documentation related to the Transformer model, as the provided context is incomplete in this regard.","['', '', '']",nan,0.8107092380523682,1.0031635761260986,1.8602619171142578,What optimizer was used for training the Transformer?,"['', '', '']","Based on the provided context, there is no explicit mention of the optimizer used for training the Transformer model. 

The context provides information on:
* The training time and hardware used (3.5 days on 8 P100 GPUs) [Source 1, Source 2]
* The dropout rate (Pdrop = 0.1) used for the base model and the big model [Source 1, Source 3]
* The use of label smoothing during training (ϵls = 0.1) [Source 3]
* The BLEU scores achieved by the model on various translation tasks [Source 1, Source 2, Source 3]

However, the context does not contain any information about the optimizer used for training the Transformer model. Therefore, it is not possible to provide a definitive answer to this question based on the available information.

To determine the optimizer used, it would be necessary to consult additional sources or documentation related to the Transformer model, as the provided context is incomplete in this regard.",nan,,,
What are the advantages of the Transformer model over RNNs?,"The Transformer model has several advantages over Recurrent Neural Networks (RNNs) as mentioned in the provided context. The main advantages are:

* **Parallelization**: The Transformer model allows for significantly more parallelization than RNNs, which is critical for longer sequence lengths where memory constraints limit batching across examples. As stated in Source 3, ""The fundamental constraint of sequential computation, however, remains"" in RNNs, whereas the Transformer model ""allows for significantly more parallelization"" [Source 3, Introduction].
* **Reduced computation time**: The Transformer model can reach a new state of the art in translation quality after being trained for as little as twelve hours on eight P100 GPUs, which is a significant reduction in computation time compared to RNNs. As mentioned in Source 3, ""Our model achieves 28.4 BLEU on the WMT 2014 English-to-German translation task, improving over the existing best results, including ensembles, by over 2 BLEU"" [Source 3, Abstract].
* **Ability to model dependencies between distant positions**: The Transformer model can model dependencies between distant positions in a sequence more effectively than RNNs, which have a sequential nature that precludes parallelization within training examples. As stated in Source 3, ""Attention mechanisms have become an integral part of compelling sequence modeling and transduction models in various tasks, allowing modeling of dependencies without regard to their distance in the input or output sequences"" [Source 3, Introduction].
* **Improved performance**: The Transformer model has been shown to achieve superior performance in machine translation tasks, including English-to-German and English-to-French translation, as mentioned in Source 3 [Source 3, Abstract].

However, the context does not provide a comprehensive comparison between the Transformer model and RNNs, and some information is missing. For example, the context does not discuss the potential drawbacks of the Transformer model or the specific applications where RNNs may still be preferred.

In terms of specific sections, the advantages of the Transformer model are mentioned in the following sources:

* Source 1: ""To the best of our knowledge, however, the Transformer is the first transduction model relying entirely on self-attention to compute representations of its input and output without using sequence-aligned RNNs or convolution"" [Source 1, middle].
* Source 3: ""The Transformer allows for significantly more parallelization and can reach a new state of the art in translation quality after being trained for as little as twelve hours on eight P100 GPUs"" [Source 3, Introduction].

Overall, the context suggests that the Transformer model has several advantages over RNNs, including parallelization, reduced computation time, ability to model dependencies between distant positions, and improved performance. However, a more comprehensive comparison between the two models would require additional information.","['', '', '']",nan,0.8465621471405029,1.9726598262786865,2.858106851577759,What are the advantages of the Transformer model over RNNs?,"['', '', '']","The Transformer model has several advantages over Recurrent Neural Networks (RNNs) as mentioned in the provided context. The main advantages are:

* **Parallelization**: The Transformer model allows for significantly more parallelization than RNNs, which is critical for longer sequence lengths where memory constraints limit batching across examples. As stated in Source 3, ""The fundamental constraint of sequential computation, however, remains"" in RNNs, whereas the Transformer model ""allows for significantly more parallelization"" [Source 3, Introduction].
* **Reduced computation time**: The Transformer model can reach a new state of the art in translation quality after being trained for as little as twelve hours on eight P100 GPUs, which is a significant reduction in computation time compared to RNNs. As mentioned in Source 3, ""Our model achieves 28.4 BLEU on the WMT 2014 English-to-German translation task, improving over the existing best results, including ensembles, by over 2 BLEU"" [Source 3, Abstract].
* **Ability to model dependencies between distant positions**: The Transformer model can model dependencies between distant positions in a sequence more effectively than RNNs, which have a sequential nature that precludes parallelization within training examples. As stated in Source 3, ""Attention mechanisms have become an integral part of compelling sequence modeling and transduction models in various tasks, allowing modeling of dependencies without regard to their distance in the input or output sequences"" [Source 3, Introduction].
* **Improved performance**: The Transformer model has been shown to achieve superior performance in machine translation tasks, including English-to-German and English-to-French translation, as mentioned in Source 3 [Source 3, Abstract].

However, the context does not provide a comprehensive comparison between the Transformer model and RNNs, and some information is missing. For example, the context does not discuss the potential drawbacks of the Transformer model or the specific applications where RNNs may still be preferred.

In terms of specific sections, the advantages of the Transformer model are mentioned in the following sources:

* Source 1: ""To the best of our knowledge, however, the Transformer is the first transduction model relying entirely on self-attention to compute representations of its input and output without using sequence-aligned RNNs or convolution"" [Source 1, middle].
* Source 3: ""The Transformer allows for significantly more parallelization and can reach a new state of the art in translation quality after being trained for as little as twelve hours on eight P100 GPUs"" [Source 3, Introduction].

Overall, the context suggests that the Transformer model has several advantages over RNNs, including parallelization, reduced computation time, ability to model dependencies between distant positions, and improved performance. However, a more comprehensive comparison between the two models would require additional information.",nan,,,
What is multi-head attention?,"Multi-head attention is a mechanism used in the Transformer model to allow the model to jointly attend to information from different representation subspaces at different positions. 

According to Source 1, ""Multi-head attention allows the model to jointly attend to information from different representation subspaces at different positions. With a single attention head, averaging inhibits this."" (Source 1). This suggests that multi-head attention is an improvement over single-head attention, as it enables the model to capture a wider range of information.

Source 2 provides further insight into how multi-head attention works: ""Instead of performing a single attention function with dmodel-dimensional keys, values and queries, we found it beneficial to linearly project the queries, keys and values h times with different, learned linear projections to dk, dk and dv dimensions, respectively."" (Source 2). This indicates that multi-head attention involves projecting the queries, keys, and values into lower-dimensional spaces, performing attention in parallel, and then concatenating the results.

The mathematical formulation of multi-head attention is provided in Source 1: ""MultiHead(Q, K, V ) = Concat(head1, ..., headh)W O"", where ""headi = Attention(QW Q i, KW K i, V W V i)"" (Source 1). This equation shows that multi-head attention involves concatenating the outputs of multiple attention heads, each of which is computed using a different set of learned projections.

In terms of applications, Source 3 states that ""The Transformer uses multi-head attention in three different ways"" (Source 3), including encoder-decoder attention and self-attention layers. However, the context does not provide a detailed explanation of these applications, so further information would be needed to fully understand how multi-head attention is used in the Transformer model.

Overall, the context provides a clear definition of multi-head attention and explains how it works, but some details about its applications are missing. 

Key points about multi-head attention:
* Allows the model to jointly attend to information from different representation subspaces at different positions
* Involves projecting queries, keys, and values into lower-dimensional spaces and performing attention in parallel
* Uses multiple attention heads, each with a different set of learned projections
* Is used in the Transformer model in three different ways, including encoder-decoder attention and self-attention layers. 

Note: The provided context does not contain information about the benefits or limitations of multi-head attention, or how it compares to other attention mechanisms. Further information would be needed to provide a more comprehensive understanding of multi-head attention.","['', '', '']",nan,1.0868902206420898,2.000675678253174,3.1266322135925293,What is multi-head attention?,"['', '', '']","Multi-head attention is a mechanism used in the Transformer model to allow the model to jointly attend to information from different representation subspaces at different positions. 

According to Source 1, ""Multi-head attention allows the model to jointly attend to information from different representation subspaces at different positions. With a single attention head, averaging inhibits this."" (Source 1). This suggests that multi-head attention is an improvement over single-head attention, as it enables the model to capture a wider range of information.

Source 2 provides further insight into how multi-head attention works: ""Instead of performing a single attention function with dmodel-dimensional keys, values and queries, we found it beneficial to linearly project the queries, keys and values h times with different, learned linear projections to dk, dk and dv dimensions, respectively."" (Source 2). This indicates that multi-head attention involves projecting the queries, keys, and values into lower-dimensional spaces, performing attention in parallel, and then concatenating the results.

The mathematical formulation of multi-head attention is provided in Source 1: ""MultiHead(Q, K, V ) = Concat(head1, ..., headh)W O"", where ""headi = Attention(QW Q i, KW K i, V W V i)"" (Source 1). This equation shows that multi-head attention involves concatenating the outputs of multiple attention heads, each of which is computed using a different set of learned projections.

In terms of applications, Source 3 states that ""The Transformer uses multi-head attention in three different ways"" (Source 3), including encoder-decoder attention and self-attention layers. However, the context does not provide a detailed explanation of these applications, so further information would be needed to fully understand how multi-head attention is used in the Transformer model.

Overall, the context provides a clear definition of multi-head attention and explains how it works, but some details about its applications are missing. 

Key points about multi-head attention:
* Allows the model to jointly attend to information from different representation subspaces at different positions
* Involves projecting queries, keys, and values into lower-dimensional spaces and performing attention in parallel
* Uses multiple attention heads, each with a different set of learned projections
* Is used in the Transformer model in three different ways, including encoder-decoder attention and self-attention layers. 

Note: The provided context does not contain information about the benefits or limitations of multi-head attention, or how it compares to other attention mechanisms. Further information would be needed to provide a more comprehensive understanding of multi-head attention.",nan,,,
Did the model use convolutional layers?,Error: Groq API rate limit exceeded. Please try again later.,"['', '', '']",nan,0.825822114944458,0.1445910930633545,0.9808540344238281,Did the model use convolutional layers?,"['', '', '']",Error: Groq API rate limit exceeded. Please try again later.,nan,,,
What hardware was used for training?,Error: Groq API rate limit exceeded. Please try again later.,"['', '', '']",nan,0.7706203460693359,0.20743393898010254,0.9839746952056885,What hardware was used for training?,"['', '', '']",Error: Groq API rate limit exceeded. Please try again later.,nan,,,
How is the output probability distribution generated?,"The generation of the output probability distribution is mentioned in Source 1, specifically in Section 3.4, ""Embeddings and Softmax"". According to this section:

""We also use the usual learned linear transformation and softmax function to convert the decoder output to predicted next-token probabilities.""

This indicates that the output probability distribution is generated by applying a softmax function to the output of a linear transformation. The softmax function is a common technique used in machine learning to convert a vector of real numbers into a probability distribution.

Additionally, Source 1 mentions that the weight matrix used in the embedding layers is shared with the pre-softmax linear transformation, and that the weights are multiplied by √dmodel in the embedding layers.

However, the exact details of how the decoder output is generated before being passed through the softmax function are not provided in the given context. It is mentioned in Source 2 that the decoder generates an output sequence one element at a time, consuming the previously generated symbols as additional input, but the specific mechanism by which this is done is not described.

Source 3 provides information on the structure of the encoder and decoder stacks, including the use of multi-head self-attention mechanisms and position-wise fully connected feed-forward networks, but does not directly address the generation of the output probability distribution.

In summary, while the context provides some information on how the output probability distribution is generated, specifically the use of a softmax function, the details of the decoder output generation are not fully described. 

Key points:
* The output probability distribution is generated using a softmax function (Source 1, Section 3.4)
* The softmax function is applied to the output of a linear transformation (Source 1, Section 3.4)
* The weight matrix used in the embedding layers is shared with the pre-softmax linear transformation (Source 1, Section 3.4)
* The exact details of the decoder output generation are not provided in the given context.","['', '', '']",nan,0.27838587760925293,1.3746185302734375,1.694701910018921,How is the output probability distribution generated?,"['', '', '']","The generation of the output probability distribution is mentioned in Source 1, specifically in Section 3.4, ""Embeddings and Softmax"". According to this section:

""We also use the usual learned linear transformation and softmax function to convert the decoder output to predicted next-token probabilities.""

This indicates that the output probability distribution is generated by applying a softmax function to the output of a linear transformation. The softmax function is a common technique used in machine learning to convert a vector of real numbers into a probability distribution.

Additionally, Source 1 mentions that the weight matrix used in the embedding layers is shared with the pre-softmax linear transformation, and that the weights are multiplied by √dmodel in the embedding layers.

However, the exact details of how the decoder output is generated before being passed through the softmax function are not provided in the given context. It is mentioned in Source 2 that the decoder generates an output sequence one element at a time, consuming the previously generated symbols as additional input, but the specific mechanism by which this is done is not described.

Source 3 provides information on the structure of the encoder and decoder stacks, including the use of multi-head self-attention mechanisms and position-wise fully connected feed-forward networks, but does not directly address the generation of the output probability distribution.

In summary, while the context provides some information on how the output probability distribution is generated, specifically the use of a softmax function, the details of the decoder output generation are not fully described. 

Key points:
* The output probability distribution is generated using a softmax function (Source 1, Section 3.4)
* The softmax function is applied to the output of a linear transformation (Source 1, Section 3.4)
* The weight matrix used in the embedding layers is shared with the pre-softmax linear transformation (Source 1, Section 3.4)
* The exact details of the decoder output generation are not provided in the given context.",nan,,,
What is label smoothing?,Error: Groq API rate limit exceeded. Please try again later.,"['', '', '']",nan,0.630389928817749,0.17016863822937012,0.8032307624816895,What is label smoothing?,"['', '', '']",Error: Groq API rate limit exceeded. Please try again later.,nan,,,
Test Question 16,Error: Groq API rate limit exceeded. Please try again later.,"['', '', '']",nan,0.41108083724975586,0.14693975448608398,0.5682973861694336,Test Question 16,"['', '', '']",Error: Groq API rate limit exceeded. Please try again later.,nan,,,
Test Question 17,Error: Groq API rate limit exceeded. Please try again later.,"['', '', '']",nan,0.7339751720428467,0.1670372486114502,0.9242136478424072,Test Question 17,"['', '', '']",Error: Groq API rate limit exceeded. Please try again later.,nan,,,
Test Question 18,Error: Groq API rate limit exceeded. Please try again later.,"['', '', '']",nan,0.49108123779296875,0.1351010799407959,0.6324849128723145,Test Question 18,"['', '', '']",Error: Groq API rate limit exceeded. Please try again later.,nan,,,
Test Question 19,Error: Groq API rate limit exceeded. Please try again later.,"['', '', '']",nan,0.458904504776001,0.16588759422302246,0.648963451385498,Test Question 19,"['', '', '']",Error: Groq API rate limit exceeded. Please try again later.,nan,,,
Test Question 20,"Based on the provided context, I will attempt to provide a comprehensive answer to Test Question 20. However, I must note that the context does not explicitly state what Test Question 20 is, so I will provide an overview of the information presented in the context.

The context appears to be discussing the results of experiments with different model architectures, specifically the Transformer model, and its performance on English-to-German and English-to-French translation tasks. 

According to **Source 1**, the base models used a single model obtained by averaging the last 5 checkpoints, while the big models averaged the last 20 checkpoints. The hyperparameters used, such as beam search with a beam size of 4 and length penalty α = 0.6, were chosen after experimentation on the development set (**Source 1**).

**Source 2** mentions the use of three types of regularization during training, but does not provide further details.

**Source 3** presents tables with results of experiments, including the performance of different models on the development set and newstest2013. The tables show the effects of varying the number of attention heads, attention key and value dimensions, and other hyperparameters on the model's performance.

Some key findings from the context include:

* The Transformer model achieves better BLEU scores than previous state-of-the-art models on the English-to-German and English-to-French newstest2014 tests at a fraction of the training cost (**Source 2**, Table 2).
* The performance of the model drops off with too many attention heads (**Source 3**, Table 3, rows (A)).
* The use of beam search and checkpoint averaging can improve the model's performance (**Source 1**).

However, without knowing the specific question being asked, it is difficult to provide a more targeted answer. If you could provide the actual question, I would be happy to try and provide a more detailed response.","['', '', '']",nan,0.519219160079956,1.7735702991485596,2.310370445251465,Test Question 20,"['', '', '']","Based on the provided context, I will attempt to provide a comprehensive answer to Test Question 20. However, I must note that the context does not explicitly state what Test Question 20 is, so I will provide an overview of the information presented in the context.

The context appears to be discussing the results of experiments with different model architectures, specifically the Transformer model, and its performance on English-to-German and English-to-French translation tasks. 

According to **Source 1**, the base models used a single model obtained by averaging the last 5 checkpoints, while the big models averaged the last 20 checkpoints. The hyperparameters used, such as beam search with a beam size of 4 and length penalty α = 0.6, were chosen after experimentation on the development set (**Source 1**).

**Source 2** mentions the use of three types of regularization during training, but does not provide further details.

**Source 3** presents tables with results of experiments, including the performance of different models on the development set and newstest2013. The tables show the effects of varying the number of attention heads, attention key and value dimensions, and other hyperparameters on the model's performance.

Some key findings from the context include:

* The Transformer model achieves better BLEU scores than previous state-of-the-art models on the English-to-German and English-to-French newstest2014 tests at a fraction of the training cost (**Source 2**, Table 2).
* The performance of the model drops off with too many attention heads (**Source 3**, Table 3, rows (A)).
* The use of beam search and checkpoint averaging can improve the model's performance (**Source 1**).

However, without knowing the specific question being asked, it is difficult to provide a more targeted answer. If you could provide the actual question, I would be happy to try and provide a more detailed response.",nan,,,
Test Question 21,Error: Groq API rate limit exceeded. Please try again later.,"['', '', '']",nan,0.5672121047973633,0.1798863410949707,0.7586929798126221,Test Question 21,"['', '', '']",Error: Groq API rate limit exceeded. Please try again later.,nan,,,
Test Question 22,Error: Groq API rate limit exceeded. Please try again later.,"['', '', '']",nan,0.549391508102417,0.13409709930419922,0.6866469383239746,Test Question 22,"['', '', '']",Error: Groq API rate limit exceeded. Please try again later.,nan,,,
Test Question 23,Error: Groq API rate limit exceeded. Please try again later.,"['', '', '']",nan,0.5392751693725586,0.16466832160949707,0.7297301292419434,Test Question 23,"['', '', '']",Error: Groq API rate limit exceeded. Please try again later.,nan,,,
Test Question 24,Error: Groq API rate limit exceeded. Please try again later.,"['', '', '']",nan,0.4911179542541504,0.15404820442199707,0.6494057178497314,Test Question 24,"['', '', '']",Error: Groq API rate limit exceeded. Please try again later.,nan,,,
Test Question 25,Error: Groq API rate limit exceeded. Please try again later.,"['', '', '']",nan,0.5021746158599854,0.14896583557128906,0.6794960498809814,Test Question 25,"['', '', '']",Error: Groq API rate limit exceeded. Please try again later.,nan,,,
Test Question 26,Error: Groq API rate limit exceeded. Please try again later.,"['', '', '']",nan,0.5471410751342773,0.16147732734680176,0.7113847732543945,Test Question 26,"['', '', '']",Error: Groq API rate limit exceeded. Please try again later.,nan,,,
Test Question 27,Error: Groq API rate limit exceeded. Please try again later.,"['', '', '']",nan,0.44331884384155273,0.1501147747039795,0.621631383895874,Test Question 27,"['', '', '']",Error: Groq API rate limit exceeded. Please try again later.,nan,,,
Test Question 28,Error: Groq API rate limit exceeded. Please try again later.,"['', '', '']",nan,0.4937479496002197,0.2627384662628174,0.7938292026519775,Test Question 28,"['', '', '']",Error: Groq API rate limit exceeded. Please try again later.,nan,,,
Test Question 29,"Based on the provided context, I will attempt to provide a comprehensive answer. However, I must note that the question ""Test Question 29"" is not specified, and I will need to infer the topic or area of inquiry.

From the context, it appears that the topic is related to the Transformer model, self-attention mechanisms, and their applications in natural language processing tasks. 

According to Source 1, self-attention is an attention mechanism that relates different positions of a single sequence to compute a representation of the sequence. It has been used successfully in various tasks, including reading comprehension, abstractive summarization, and language modeling [Source 1]. The Transformer model is mentioned as the first transduction model that relies entirely on self-attention to compute representations of its input and output without using sequence-aligned RNNs or convolution [Source 1].

Source 2 provides information on the performance of the Transformer model compared to other state-of-the-art models. The results in Table 2 show that the Transformer achieves better BLEU scores than previous models on the English-to-German and English-to-French newstest2014 tests at a fraction of the training cost [Source 2].

Source 3 appears to provide experimental results and hyperparameter settings for the Transformer model. The tables and values listed seem to represent different configurations and their corresponding performance metrics, such as BLEU scores and training costs [Source 3].

Without a specific question or topic to address, I can only provide a general overview of the context. If you could provide more information or clarify the question, I would be happy to try and assist you further.

Please note that the context does not contain enough information to answer specific questions about the Transformer model or its applications without more context or a clear question. If you have any specific questions or topics you would like me to address, please let me know, and I will do my best to provide a comprehensive answer based on the provided context.","['', '', '']",nan,0.786475419998169,1.5876166820526123,2.405446767807007,Test Question 29,"['', '', '']","Based on the provided context, I will attempt to provide a comprehensive answer. However, I must note that the question ""Test Question 29"" is not specified, and I will need to infer the topic or area of inquiry.

From the context, it appears that the topic is related to the Transformer model, self-attention mechanisms, and their applications in natural language processing tasks. 

According to Source 1, self-attention is an attention mechanism that relates different positions of a single sequence to compute a representation of the sequence. It has been used successfully in various tasks, including reading comprehension, abstractive summarization, and language modeling [Source 1]. The Transformer model is mentioned as the first transduction model that relies entirely on self-attention to compute representations of its input and output without using sequence-aligned RNNs or convolution [Source 1].

Source 2 provides information on the performance of the Transformer model compared to other state-of-the-art models. The results in Table 2 show that the Transformer achieves better BLEU scores than previous models on the English-to-German and English-to-French newstest2014 tests at a fraction of the training cost [Source 2].

Source 3 appears to provide experimental results and hyperparameter settings for the Transformer model. The tables and values listed seem to represent different configurations and their corresponding performance metrics, such as BLEU scores and training costs [Source 3].

Without a specific question or topic to address, I can only provide a general overview of the context. If you could provide more information or clarify the question, I would be happy to try and assist you further.

Please note that the context does not contain enough information to answer specific questions about the Transformer model or its applications without more context or a clear question. If you have any specific questions or topics you would like me to address, please let me know, and I will do my best to provide a comprehensive answer based on the provided context.",nan,,,
Test Question 30,Error: Groq API rate limit exceeded. Please try again later.,"['', '', '']",nan,1.4414949417114258,0.16505789756774902,1.6251192092895508,Test Question 30,"['', '', '']",Error: Groq API rate limit exceeded. Please try again later.,nan,,,
Test Question 31,Error: Groq API rate limit exceeded. Please try again later.,"['', '', '']",nan,0.687086820602417,0.17667174339294434,0.8817925453186035,Test Question 31,"['', '', '']",Error: Groq API rate limit exceeded. Please try again later.,nan,,,
Test Question 32,Error: Groq API rate limit exceeded. Please try again later.,"['', '', '']",nan,0.6021623611450195,0.16266727447509766,0.7751069068908691,Test Question 32,"['', '', '']",Error: Groq API rate limit exceeded. Please try again later.,nan,,,
Test Question 33,Error: Groq API rate limit exceeded. Please try again later.,"['', '', '']",nan,0.5079801082611084,0.18913555145263672,0.7008366584777832,Test Question 33,"['', '', '']",Error: Groq API rate limit exceeded. Please try again later.,nan,,,
Test Question 34,Error: Groq API rate limit exceeded. Please try again later.,"['', '', '']",nan,0.556952714920044,0.19379925727844238,0.7705552577972412,Test Question 34,"['', '', '']",Error: Groq API rate limit exceeded. Please try again later.,nan,,,
Test Question 35,"Based on the provided context, it appears that the documents are discussing the Transformer model, self-attention mechanisms, and their applications in natural language processing tasks.

From Source 1, we can see that self-attention is an attention mechanism that relates different positions of a single sequence to compute a representation of the sequence. It has been used successfully in various tasks, including reading comprehension, abstractive summarization, and language modeling (Source 1). The Transformer model is also mentioned as the first transduction model to rely entirely on self-attention to compute representations of its input and output without using sequence-aligned RNNs or convolution (Source 1).

Source 2 appears to provide experimental results, with tables showing different configurations of the Transformer model and their corresponding performance metrics, such as BLEU scores (Source 2). For example, Table 3 rows (A) vary the number of attention heads and attention key and value dimensions, keeping the amount of computation constant (Source 2).

Source 3 seems to contain a table with cryptic symbols and abbreviations, which is difficult to interpret without more context. It is unclear what this table represents or how it relates to the discussion of self-attention and the Transformer model (Source 3).

In summary, the context provides information on:

* Self-attention mechanisms and their applications (Source 1)
* The Transformer model and its architecture (Source 1)
* Experimental results of the Transformer model with different configurations (Source 2)
* A table with unclear symbols and abbreviations (Source 3)

However, the context is incomplete, and more information is needed to fully understand the discussion and the experimental results. Specifically, the meaning of the table in Source 3 is unclear, and more context is needed to interpret the results in Source 2.

References:
* Source 1: [Position: middle]
* Source 2: [Position: middle]
* Source 3: [Position: middle]

Note: The references are not explicitly cited in the text, but they are mentioned as sources of information.","['', '', '']",nan,0.5299832820892334,1.545513391494751,2.1092429161071777,Test Question 35,"['', '', '']","Based on the provided context, it appears that the documents are discussing the Transformer model, self-attention mechanisms, and their applications in natural language processing tasks.

From Source 1, we can see that self-attention is an attention mechanism that relates different positions of a single sequence to compute a representation of the sequence. It has been used successfully in various tasks, including reading comprehension, abstractive summarization, and language modeling (Source 1). The Transformer model is also mentioned as the first transduction model to rely entirely on self-attention to compute representations of its input and output without using sequence-aligned RNNs or convolution (Source 1).

Source 2 appears to provide experimental results, with tables showing different configurations of the Transformer model and their corresponding performance metrics, such as BLEU scores (Source 2). For example, Table 3 rows (A) vary the number of attention heads and attention key and value dimensions, keeping the amount of computation constant (Source 2).

Source 3 seems to contain a table with cryptic symbols and abbreviations, which is difficult to interpret without more context. It is unclear what this table represents or how it relates to the discussion of self-attention and the Transformer model (Source 3).

In summary, the context provides information on:

* Self-attention mechanisms and their applications (Source 1)
* The Transformer model and its architecture (Source 1)
* Experimental results of the Transformer model with different configurations (Source 2)
* A table with unclear symbols and abbreviations (Source 3)

However, the context is incomplete, and more information is needed to fully understand the discussion and the experimental results. Specifically, the meaning of the table in Source 3 is unclear, and more context is needed to interpret the results in Source 2.

References:
* Source 1: [Position: middle]
* Source 2: [Position: middle]
* Source 3: [Position: middle]

Note: The references are not explicitly cited in the text, but they are mentioned as sources of information.",nan,,,
Test Question 36,Error: Groq API rate limit exceeded. Please try again later.,"['', '', '']",nan,0.5779569149017334,0.1833493709564209,0.7699098587036133,Test Question 36,"['', '', '']",Error: Groq API rate limit exceeded. Please try again later.,nan,,,
Test Question 37,Error: Groq API rate limit exceeded. Please try again later.,"['', '', '']",nan,0.4038107395172119,0.1591024398803711,0.5663490295410156,Test Question 37,"['', '', '']",Error: Groq API rate limit exceeded. Please try again later.,nan,,,
Test Question 38,Error: Groq API rate limit exceeded. Please try again later.,"['', '', '']",nan,0.4436352252960205,0.1709449291229248,0.6174132823944092,Test Question 38,"['', '', '']",Error: Groq API rate limit exceeded. Please try again later.,nan,,,
Test Question 39,Error: Groq API rate limit exceeded. Please try again later.,"['', '', '']",nan,0.5280249118804932,0.16915059089660645,0.7305281162261963,Test Question 39,"['', '', '']",Error: Groq API rate limit exceeded. Please try again later.,nan,,,
Test Question 40,Error: Groq API rate limit exceeded. Please try again later.,"['', '', '']",nan,1.562312364578247,0.18238019943237305,1.7699072360992432,Test Question 40,"['', '', '']",Error: Groq API rate limit exceeded. Please try again later.,nan,,,
Test Question 41,Error: Groq API rate limit exceeded. Please try again later.,"['', '', '']",nan,0.5838541984558105,0.21942639350891113,0.8096492290496826,Test Question 41,"['', '', '']",Error: Groq API rate limit exceeded. Please try again later.,nan,,,
Test Question 42,Error: Groq API rate limit exceeded. Please try again later.,"['', '', '']",nan,0.7323198318481445,0.3592808246612549,1.1194632053375244,Test Question 42,"['', '', '']",Error: Groq API rate limit exceeded. Please try again later.,nan,,,
Test Question 43,"Based on the provided context, it appears that the documents discuss the Transformer model, its architecture, and its performance on various tasks, particularly in machine translation.

**Transformer Model Architecture**

According to Source 1, the Transformer model relies entirely on self-attention to compute representations of its input and output, without using sequence-aligned RNNs or convolution (Source 1). This is a unique aspect of the Transformer model, as stated in Source 1: ""To the best of our knowledge, however, the Transformer is the first transduction model relying entirely on self-attention to compute representations of its input and output without using sequence-aligned RNNs or convolution.""

**Performance on Machine Translation Tasks**

Source 2 provides a comparison of the Transformer model's performance with other state-of-the-art models on English-to-German and English-to-French translation tasks. The results are presented in Table 2, which shows that the Transformer model achieves better BLEU scores than previous models, such as ByteNet, Deep-Att + PosUnk, and ConvS2S, at a fraction of the training cost (Source 2).

**Hyperparameter Tuning and Ablation Studies**

Source 3 appears to present the results of hyperparameter tuning and ablation studies for the Transformer model. The table shows the effects of varying different hyperparameters, such as the number of attention heads, attention key and value dimensions, and embedding sizes, on the model's performance (Source 3). For example, row (A) in the table shows that varying the number of attention heads and attention key and value dimensions, while keeping the amount of computation constant, affects the model's performance.

**Limitations of the Context**

While the provided context offers insights into the Transformer model's architecture and performance, it is incomplete and lacks specific details on certain aspects, such as the training procedure, dataset used, and evaluation metrics. Additionally, the context does not provide a clear explanation of the results presented in Source 3, and the table in Source 3 appears to be truncated.

In conclusion, based on the provided context, the Transformer model appears to be a highly effective model for machine translation tasks, with a unique architecture that relies entirely on self-attention. However, the context is incomplete, and further information is required to fully understand the model's performance and the results presented in the tables.","['', '', '']",nan,0.5846338272094727,2.414783000946045,3.023979663848877,Test Question 43,"['', '', '']","Based on the provided context, it appears that the documents discuss the Transformer model, its architecture, and its performance on various tasks, particularly in machine translation.

**Transformer Model Architecture**

According to Source 1, the Transformer model relies entirely on self-attention to compute representations of its input and output, without using sequence-aligned RNNs or convolution (Source 1). This is a unique aspect of the Transformer model, as stated in Source 1: ""To the best of our knowledge, however, the Transformer is the first transduction model relying entirely on self-attention to compute representations of its input and output without using sequence-aligned RNNs or convolution.""

**Performance on Machine Translation Tasks**

Source 2 provides a comparison of the Transformer model's performance with other state-of-the-art models on English-to-German and English-to-French translation tasks. The results are presented in Table 2, which shows that the Transformer model achieves better BLEU scores than previous models, such as ByteNet, Deep-Att + PosUnk, and ConvS2S, at a fraction of the training cost (Source 2).

**Hyperparameter Tuning and Ablation Studies**

Source 3 appears to present the results of hyperparameter tuning and ablation studies for the Transformer model. The table shows the effects of varying different hyperparameters, such as the number of attention heads, attention key and value dimensions, and embedding sizes, on the model's performance (Source 3). For example, row (A) in the table shows that varying the number of attention heads and attention key and value dimensions, while keeping the amount of computation constant, affects the model's performance.

**Limitations of the Context**

While the provided context offers insights into the Transformer model's architecture and performance, it is incomplete and lacks specific details on certain aspects, such as the training procedure, dataset used, and evaluation metrics. Additionally, the context does not provide a clear explanation of the results presented in Source 3, and the table in Source 3 appears to be truncated.

In conclusion, based on the provided context, the Transformer model appears to be a highly effective model for machine translation tasks, with a unique architecture that relies entirely on self-attention. However, the context is incomplete, and further information is required to fully understand the model's performance and the results presented in the tables.",nan,,,
Test Question 44,Error: Groq API rate limit exceeded. Please try again later.,"['', '', '']",nan,0.6222884654998779,0.19900083541870117,0.8304476737976074,Test Question 44,"['', '', '']",Error: Groq API rate limit exceeded. Please try again later.,nan,,,
Test Question 45,Error: Groq API rate limit exceeded. Please try again later.,"['', '', '']",nan,0.5126550197601318,0.18178272247314453,0.6986191272735596,Test Question 45,"['', '', '']",Error: Groq API rate limit exceeded. Please try again later.,nan,,,
Test Question 46,Error: Groq API rate limit exceeded. Please try again later.,"['', '', '']",nan,0.6020255088806152,0.19321489334106445,0.8125917911529541,Test Question 46,"['', '', '']",Error: Groq API rate limit exceeded. Please try again later.,nan,,,
Test Question 47,Error: Groq API rate limit exceeded. Please try again later.,"['', '', '']",nan,0.5429396629333496,0.19233441352844238,0.7561609745025635,Test Question 47,"['', '', '']",Error: Groq API rate limit exceeded. Please try again later.,nan,,,
Test Question 48,Error: Groq API rate limit exceeded. Please try again later.,"['', '', '']",nan,0.9207699298858643,0.23500418663024902,1.1849384307861328,Test Question 48,"['', '', '']",Error: Groq API rate limit exceeded. Please try again later.,nan,,,
Test Question 49,"Based on the provided context, I will attempt to provide a comprehensive answer to Test Question 49. However, I must note that the question itself is not specified in the context, so I will provide an overview of the information presented in the sources.

The context appears to be related to natural language processing, specifically machine translation and the Transformer model. 

**Source 1** discusses the performance of the Transformer model compared to other state-of-the-art models on English-to-German and English-to-French translation tasks. According to Table 2, the Transformer model achieves better BLEU scores than previous models at a fraction of the training cost (Source 1, Page 8). The table shows the BLEU scores and training costs for different models, including the Transformer (base and big models).

**Source 2** provides an introduction to the Transformer model and its architecture. It explains that the Transformer relies entirely on self-attention to compute representations of its input and output, without using sequence-aligned RNNs or convolution (Source 2, Section 3). The source also mentions that self-attention has been used successfully in various tasks, including reading comprehension and abstractive summarization.

**Source 3** appears to present experimental results for the Transformer model, including the impact of varying attention heads and dimensions on the model's performance. The source shows tables with results for different settings, including the number of attention heads, key and value dimensions, and embedding sizes (Source 3, Tables A-E).

Since the question itself is not specified, I am unable to provide a direct answer. However, I hope this overview of the context provides a clear understanding of the information presented in the sources. If you could provide the actual question, I would be happy to try and assist you further.","['', '', '']",nan,0.6057605743408203,1.499821424484253,2.1307156085968018,Test Question 49,"['', '', '']","Based on the provided context, I will attempt to provide a comprehensive answer to Test Question 49. However, I must note that the question itself is not specified in the context, so I will provide an overview of the information presented in the sources.

The context appears to be related to natural language processing, specifically machine translation and the Transformer model. 

**Source 1** discusses the performance of the Transformer model compared to other state-of-the-art models on English-to-German and English-to-French translation tasks. According to Table 2, the Transformer model achieves better BLEU scores than previous models at a fraction of the training cost (Source 1, Page 8). The table shows the BLEU scores and training costs for different models, including the Transformer (base and big models).

**Source 2** provides an introduction to the Transformer model and its architecture. It explains that the Transformer relies entirely on self-attention to compute representations of its input and output, without using sequence-aligned RNNs or convolution (Source 2, Section 3). The source also mentions that self-attention has been used successfully in various tasks, including reading comprehension and abstractive summarization.

**Source 3** appears to present experimental results for the Transformer model, including the impact of varying attention heads and dimensions on the model's performance. The source shows tables with results for different settings, including the number of attention heads, key and value dimensions, and embedding sizes (Source 3, Tables A-E).

Since the question itself is not specified, I am unable to provide a direct answer. However, I hope this overview of the context provides a clear understanding of the information presented in the sources. If you could provide the actual question, I would be happy to try and assist you further.",nan,,,
Test Question 50,Error: Groq API rate limit exceeded. Please try again later.,"['', '', '']",nan,0.5713117122650146,0.18245887756347656,0.7659354209899902,Test Question 50,"['', '', '']",Error: Groq API rate limit exceeded. Please try again later.,nan,,,
